,Title,Artist,Year
0,Breathe,Faith Hill,2000
1,Smooth,Santana,2000
2,Maria Maria,Santana,2000
3,I Wanna Know,Joe,2000
4,Everything You Want,Vertical Horizon,2000
5,Say My Name,Destiny's Child,2000
6,I Knew I Loved You,Savage Garden,2000
7,Amazed,Lonestar,2000
8,Bent,Matchbox Twenty,2000
9,He Wasn't Man Enough,Toni Braxton,2000
10,Higher,Creed,2000
11,Try Again,Aaliyah,2000
12,"Jumpin', Jumpin'",Destiny's Child,2000
13,Thong Song,Sisqó,2000
14,Kryptonite,3 Doors Down,2000
15,There You Go,Pink,2000
16,Music,Madonna,2000
17,Doesn't Really Matter,Janet Jackson,2000
18,What a Girl Wants,Christina Aguilera,2000
19,Back at One,Brian McKnight,2000
20,Bye Bye Bye,'N Sync,2000
21,You Sang to Me,Marc Anthony,2000
22,I Need to Know,Marc Anthony,2000
23,Get It On Tonite,Montell Jordan,2000
24,Incomplete,Sisqó,2000
25,I Try,Macy Gray,2000
26,It's Gonna Be Me,'N Sync,2000
27,That's The Way It Is,Celine Dion,2000
28,Country Grammar (Hot Shit),Nelly,2000
29,Bring It All to Me,Blaque,2000
30,Show Me the Meaning of Being Lonely,Backstreet Boys,2000
31,Hot Boyz,Missy Elliott,2000
32,Back Here,BBMak,2000
33,It Feels So Good,Sonique,2000
34,Absolutely (Story of a Girl),Nine Days,2000
35,With Arms Wide Open,Creed,2000
36,Be with You,Enrique Iglesias,2000
37,Come On Over Baby (All I Want Is You),Christina Aguilera,2000
38,No More,Ruff Endz,2000
39,All The Small Things,Blink 182,2000
40,The Way You Love Me,Faith Hill,2000
41,I Turn To You,Christina Aguilera,2000
42,Never Let You Go,Third Eye Blind,2000
43,I Need You,LeAnn Rimes,2000
44,Thank God I Found You,Mariah Carey,2000
45,Let's Get Married,Jagged Edge,2000
46,My Love Is Your Love,Whitney Houston,2000
47,Then The Morning Comes,Smash Mouth,2000
48,Blue (Da Ba Dee),Eiffel 65,2000
49,Desert Rose,Sting,2000
50,The Real Slim Shady,Eminem,2000
51,Most Girls,Pink,2000
52,Wifey,Next,2000
53,Wonderful,Everclear,2000
54,Oops!... I Did It Again,Britney Spears,2000
55,I Wanna Love You Forever,Jessica Simpson,2000
56,Give Me Just One Night (Una Noche),98 Degrees,2000
57,Take a Picture,Filter,2000
58,Otherside,Red Hot Chili Peppers,2000
59,Big Pimpin',Jay-Z,2000
60,A Puro Dolor,Son by Four,2000
61,He Can't Love U,Jagged Edge,2000
62,Separated,Avant,2000
63,I Wish,Carl Thomas,2000
64,U Know What's Up,Donell Jones,2000
65,Faded,soulDecision,2000
66,Only God Knows Why,Kid Rock,2000
67,Shake Ya Ass,Mystikal,2000
68,Bag Lady,Erykah Badu,2000
69,Meet Virginia,Train,2000
70,Party Up (Up in Here),DMX,2000
71,Case of the Ex,Mýa,2000
72,Forgot About Dre,Dr. Dre,2000
73,That's the Way,Jo Dee Messina,2000
74,Swear It Again,Westlife,2000
75,The Next Episode,Dr. Dre,2000
76,From the Bottom of My Broken Heart,Britney Spears,2000
77,Crash and Burn,Savage Garden,2000
78,Yes!,Chad Brock,2000
79,The Best Day,George Strait,2000
80,Where I Wanna Be,Donell Jones,2000
81,How Do You Like Me Now?!,Toby Keith,2000
82,My Best Friend,Tim McGraw,2000
83,Broadway,Goo Goo Dolls,2000
84,What'chu Like,Da Brat,2000
85,Don't Think I'm Not,Kandi,2000
86,I Hope You Dance,Lee Ann Womack,2000
87,Better Off Alone,Alice Deejay,2000
88,Dance with Me,Debelah Morgan,2000
89,What About Now,Lonestar,2000
90,I Like It,Sammie,2000
91,24/7,Kevon Edmonds,2000
92,Girl on TV,LFO,2000
93,Bounce with Me,Lil' Bow Wow,2000
94,Cowboy Take Me Away,Dixie Chicks,2000
95,I Don't Wanna,Aaliyah,2000
96,Independent Women,Destiny's Child,2000
97,Gotta Tell You,Samantha Mumba,2000
98,Waiting for Tonight,Jennifer Lopez,2000
99,Shackles (Praise You),Mary Mary,2000
100,Hanging by a Moment,Lifehouse,2001
101,Fallin',Alicia Keys,2001
102,All for You,Janet Jackson,2001
103,Drops of Jupiter (Tell Me),Train,2001
104,I'm Real (Murder Remix),Jennifer Lopez,2001
105,If You're Gone,Matchbox Twenty,2001
106,Let Me Blow Ya Mind,Eve,2001
107,Thank You,Dido,2001
108,Again,Lenny Kravitz,2001
109,Independent Women,Destiny's Child,2001
110,Hit 'Em Up Style (Oops!),Blu Cantrell,2001
111,It Wasn't Me,Shaggy,2001
112,Stutter,Joe,2001
113,It's Been Awhile,Staind,2001
114,U Remind Me,Usher,2001
115,Where the Party At,Jagged Edge,2001
116,Angel,Shaggy,2001
117,Ride wit Me,Nelly,2001
118,Follow Me,Uncle Kracker,2001
119,Peaches & Cream,112,2001
120,Drive,Incubus,2001
121,What Would You Do?,City High,2001
122,Survivor,Destiny's Child,2001
123,Lady Marmalade,"Christina Aguilera, Lil' Kim, Mýa and Pink",2001
124,Ms. Jackson,OutKast,2001
125,Love Don't Cost a Thing,Jennifer Lopez,2001
126,The Way You Love Me,Faith Hill,2001
127,He Loves U Not,Dream,2001
128,Butterfly,Crazy Town,2001
129,Put It on Me,Ja Rule,2001
130,Family Affair,Mary J. Blige,2001
131,I Hope You Dance,Lee Ann Womack,2001
132,South Side,Moby,2001
133,Don't Tell Me,Madonna,2001
134,Get Ur Freak On,Missy Elliott,2001
135,Crazy,K-Ci & JoJo,2001
136,Fill Me In,Craig David,2001
137,Someone to Call My Lover,Janet Jackson,2001
138,With Arms Wide Open,Creed,2001
139,Case of the Ex,Mýa,2001
140,All or Nothing,O-Town,2001
141,Bootylicious,Destiny's Child,2001
142,I'm Like a Bird,Nelly Furtado,2001
143,Kryptonite,3 Doors Down,2001
144,Fiesta,R. Kelly,2001
145,When It's Over,Sugar Ray,2001
146,Jaded,Aerosmith,2001
147,Promise,Jagged Edge,2001
148,Missing You,Case,2001
149,Differences,Ginuwine,2001
150,This I Promise You,'N Sync,2001
151,Izzo (H.O.V.A.),Jay-Z,2001
152,Superwoman Pt. II,Lil' Mo,2001
153,Crazy for This Girl,Evan and Jaron,2001
154,Nobody Wants to Be Lonely,Ricky Martin and Christina Aguilera,2001
155,I Just Wanna Love U (Give It 2 Me),Jay-Z,2001
156,One Minute Man,Missy Elliott,2001
157,Danger (Been So Long),Mystikal,2001
158,Only Time,Enya,2001
159,I Do!!,Toya,2001
160,Never Had a Dream Come True,S Club 7,2001
161,Stranger in My House,Tamia,2001
162,Irresistible,Jessica Simpson,2001
163,Heard It All Before,Sunshine Anderson,2001
164,The Space Between,Dave Matthews Band,2001
165,There You'll Be,Faith Hill,2001
166,Love,Musiq Soulchild,2001
167,It's Over Now,112,2001
168,No More (Baby I'ma Do Right),3LW,2001
169,Turn Off the Light,Nelly Furtado,2001
170,Ain't Nothing 'bout You,Brooks & Dunn,2001
171,Play,Jennifer Lopez,2001
172,I'm Already There,Lonestar,2001
173,My Baby,Lil' Romeo,2001
174,Beautiful Day,U2,2001
175,Austin,Blake Shelton,2001
176,Southern Hospitality,Ludacris,2001
177,Grown Men Don't Cry,Tim McGraw,2001
178,Livin' It Up,Ja Rule,2001
179,Loverboy,Mariah Carey,2001
180,Contagious,The Isley Brothers,2001
181,Who I Am,Jessica Andrews,2001
182,Music,Erick Sermon,2001
183,I Wanna Be Bad,Willa Ford,2001
184,Don't Happen Twice,Kenny Chesney,2001
185,One More Day,Diamond Rio,2001
186,I Wish,R. Kelly,2001
187,It's a Great Day to Be Alive,Travis Tritt,2001
188,I'm a Thug,Trick Daddy,2001
189,Here's to the Night,Eve 6,2001
190,You Shouldn't Kiss Me Like This,Toby Keith,2001
191,Get Over Yourself,Eden's Crush,2001
192,Dance with Me,Debelah Morgan,2001
193,So Fresh So Clean,Outkast,2001
194,E.I.,Nelly,2001
195,Be Like That,3 Doors Down,2001
196,Most Girls,Pink,2001
197,Oochie Wally,Nas and Bravehearts,2001
198,Hero,Enrique Iglesias,2001
199,Hemorrhage (In My Hands),Fuel,2001
200,How You Remind Me,Nickelback,2002
201,Foolish,Ashanti,2002
202,Hot in Herre,Nelly,2002
203,Dilemma,Nelly,2002
204,Wherever You Will Go,The Calling,2002
205,A Thousand Miles,Vanessa Carlton,2002
206,In the End,Linkin Park,2002
207,What's Luv?,Fat Joe,2002
208,U Got It Bad,Usher,2002
209,Blurry,Puddle of Mudd,2002
210,Complicated,Avril Lavigne,2002
211,Always on Time,Ja Rule,2002
212,Ain't It Funny (Murder Remix),Jennifer Lopez,2002
213,The Middle,Jimmy Eat World,2002
214,I Need a Girl (Part One),P. Diddy,2002
215,U Don't Have to Call,Usher,2002
216,Family Affair,Mary J. Blige,2002
217,I Need a Girl (Part Two),P. Diddy,2002
218,Gangsta Lovin',Eve,2002
219,My Sacrifice,Creed,2002
220,Without Me,Eminem,2002
221,Hero,Enrique Iglesias,2002
222,All You Wanted,Michelle Branch,2002
223,Get the Party Started,Pink,2002
224,Hero,Chad Kroeger,2002
225,Wasting My Time,Default,2002
226,One Last Breath,Creed,2002
227,"Whenever, Wherever",Shakira,2002
228,I'm Gonna Be Alright,Jennifer Lopez,2002
229,Oh Boy,Cam'ron,2002
230,Heaven,DJ Sammy,2002
231,Hey Baby,No Doubt,2002
232,Girlfriend,'N Sync,2002
233,Just a Friend 2002,Mario,2002
234,Soak Up the Sun,Sheryl Crow,2002
235,Don't Let Me Get Me,Pink,2002
236,Nothin',N.O.R.E.,2002
237,Oops (Oh My),Tweet,2002
238,A Moment Like This,Kelly Clarkson,2002
239,Addictive,Truth Hurts,2002
240,Happy,Ashanti,2002
241,No Such Thing,John Mayer,2002
242,Just Like a Pill,Pink,2002
243,Down 4 U,Ja Rule,2002
244,Can't Get You Out of My Head,Kylie Minogue,2002
245,Superman (It's Not Easy),Five for Fighting,2002
246,Cleanin' Out My Closet,Eminem,2002
247,Halfcrazy,Musiq Soulchild,2002
248,"Lights, Camera, Action!",Mr. Cheeks,2002
249,Still Fly,Big Tymers,2002
250,A Woman's Worth,Alicia Keys,2002
251,7 Days,Craig David,2002
252,Hey Ma,Cam'ron,2002
253,Work It,Missy Elliott,2002
254,Move Bitch,Ludacris,2002
255,Can't Fight the Moonlight,LeAnn Rimes,2002
256,Escape,Enrique Iglesias,2002
257,More than a Woman,Aaliyah,2002
258,Hella Good,No Doubt,2002
259,I Love You,Faith Evans,2002
260,Gotta Get thru This,Daniel Bedingfield,2002
261,"Pass the Courvoisier, Part II",Busta Rhymes,2002
262,Lose Yourself,Eminem,2002
263,Butterflies,Michael Jackson,2002
264,What About Us?,Brandy,2002
265,Underneath Your Clothes,Shakira,2002
266,Rainy Dayz,Mary J. Blige,2002
267,Differences,Ginuwine,2002
268,If I Could Go!,Angie Martinez,2002
269,The Whole World,Outkast,2002
270,Underneath It All,No Doubt,2002
271,Caramel,City High,2002
272,Luv U Better,LL Cool J,2002
273,Gimme the Light,Sean Paul,2002
274,Gone,'N Sync,2002
275,Livin' It Up,Ja Rule,2002
276,Rollout (My Business),Ludacris,2002
277,Here Is Gone,Goo Goo Dolls,2002
278,No More Drama,Mary J. Blige,2002
279,Days Go By,Dirty Vegas,2002
280,Baby,Ashanti,2002
281,The Good Stuff,Kenny Chesney,2002
282,We Thuggin',Fat Joe,2002
283,Good Morning Beautiful,Steve Holy,2002
284,Rock the Boat,Aaliyah,2002
285,Drive (For Daddy Gene),Alan Jackson,2002
286,Standing Still,Jewel,2002
287,Anything,Jaheim,2002
288,Full Moon,Brandy,2002
289,Uh Huh,B2K,2002
290,A New Day Has Come,Celine Dion,2002
291,Turn Off the Light,Nelly Furtado,2002
292,Living and Living Well,George Strait,2002
293,My List,Toby Keith,2002
294,Hands Clean,Alanis Morissette,2002
295,Sk8er Boi,Avril Lavigne,2002
296,Long Time Gone,Dixie Chicks,2002
297,Where Were You (When the World Stopped Turning),Alan Jackson,2002
298,Like I Love You,Justin Timberlake,2002
299,I Do!!,Toya,2002
300,In Da Club,50 Cent,2003
301,Ignition (Remix),R. Kelly,2003
302,Get Busy,Sean Paul,2003
303,Crazy in Love,Beyoncé,2003
304,When I'm Gone,3 Doors Down,2003
305,Unwell,Matchbox Twenty,2003
306,Right Thurr,Chingy,2003
307,Miss You,Aaliyah,2003
308,Picture,Kid Rock,2003
309,Bring Me to Life,Evanescence,2003
310,Get Low,Lil Jon & The East Side Boyz,2003
311,Baby Boy,Beyoncé,2003
312,Shake Ya Tailfeather,"Nelly, P. Diddy and Murphy Lee",2003
313,21 Questions,50 Cent,2003
314,All I Have,Jennifer Lopez,2003
315,Beautiful,Christina Aguilera,2003
316,I Know What You Want,Busta Rhymes and Mariah Carey,2003
317,I'm with You,Avril Lavigne,2003
318,Drift Away,Uncle Kracker,2003
319,Magic Stick,Lil' Kim,2003
320,P.I.M.P.,50 Cent,2003
321,"Bump, Bump, Bump",B2K and P. Diddy,2003
322,Into You,Fabolous,2003
323,Can't Let You Go,Fabolous,2003
324,Mesmerize,Ja Rule,2003
325,Where Is the Love?,The Black Eyed Peas,2003
326,The Game of Love,Santana,2003
327,Lose Yourself,Eminem,2003
328,Rock wit U (Awww Baby),Ashanti,2003
329,Cry Me a River,Justin Timberlake,2003
330,How You Gonna Act Like That,Tyrese,2003
331,Rock Your Body,Justin Timberlake,2003
332,No Letting Go,Wayne Wonder,2003
333,Frontin',Pharrell,2003
334,Landslide,Dixie Chicks,2003
335,Work It,Missy Elliott,2003
336,'03 Bonnie & Clyde,Jay-Z,2003
337,Don't Mess with My Man,Nivea,2003
338,So Gone,Monica,2003
339,Air Force Ones,Nelly,2003
340,"Never Leave You (Uh Oooh, Uh Oooh)",Lumidee,2003
341,Beautiful,Snoop Dogg,2003
342,Gossip Folks,Missy Elliott,2003
343,Miss Independent,Kelly Clarkson,2003
344,Calling All Angels,Train,2003
345,Damn!,YoungBloodZ,2003
346,This Is the Night,Clay Aiken,2003
347,Your Body Is a Wonderland,John Mayer,2003
348,Headstrong,Trapt,2003
349,In Those Jeans,Ginuwine,2003
350,Stand Up,Ludacris,2003
351,The Remedy (I Won't Worry),Jason Mraz,2003
352,Why Don't You & I,Santana,2003
353,Excuse Me Miss,Jay-Z,2003
354,Jenny from the Block,Jennifer Lopez,2003
355,Are You Happy Now?,Michelle Branch,2003
356,Forever and for Always,Shania Twain,2003
357,I Can,Nas,2003
358,Underneath It All,No Doubt,2003
359,If You're Not the One,Daniel Bedingfield,2003
360,Thoia Thoing,R. Kelly,2003
361,Here Without You,3 Doors Down,2003
362,Wanksta,50 Cent,2003
363,My Love Is Like...Wo,Mýa,2003
364,It's Five O'Clock Somewhere,Alan Jackson,2003
365,Like Glue,Sean Paul,2003
366,Can't Hold Us Down,Christina Aguilera,2003
367,My Front Porch Looking In,Lonestar,2003
368,Angel,Amanda Perez,2003
369,She Hates Me,Puddle of Mudd,2003
370,Don't Wanna Try,Frankie J,2003
371,The Jump Off,Lil' Kim,2003
372,Intuition,Jewel,2003
373,Hell Yeah,Ginuwine,2003
374,Beer for My Horses,Toby Keith,2003
375,Holidae In,Chingy,2003
376,Suga Suga,Baby Bash,2003
377,Love of My Life (An Ode to Hip-Hop),Erykah Badu,2003
378,Fighter,Christina Aguilera,2003
379,Thugz Mansion,2Pac,2003
380,Clocks,Coldplay,2003
381,Put That Woman First,Jaheim,2003
382,Rain on Me,Ashanti,2003
383,19 Somethin',Mark Wills,2003
384,"Can't Stop, Won't Stop",Young Gunz,2003
385,Red Dirt Road,Brooks & Dunn,2003
386,What Was I Thinkin',Dierks Bentley,2003
387,Flying Without Wings,Ruben Studdard,2003
388,Sing for the Moment,Eminem,2003
389,Have You Forgotten?,Darryl Worley,2003
390,"No Shoes, No Shirt, No Problems",Kenny Chesney,2003
391,Come Over,Aaliyah,2003
392,Sick of Being Lonely,Field Mob,2003
393,Step in the Name of Love,R. Kelly,2003
394,I Want You,Thalía,2003
395,Like a Stone,Audioslave,2003
396,Don't Know Why,Norah Jones,2003
397,Superman,Eminem,2003
398,Real Good Man,Tim McGraw,2003
399,Say Yes,Floetry,2003
400,Yeah!,Usher,2004
401,Burn,Usher,2004
402,If I Ain't Got You,Alicia Keys,2004
403,This Love,Maroon 5,2004
404,The Way You Move,OutKast,2004
405,The Reason,Hoobastank,2004
406,I Don't Wanna Know,Mario Winans,2004
407,Hey Ya!,OutKast,2004
408,Goodies,Ciara,2004
409,Lean Back,Terror Squad,2004
410,Tipsy,J-Kwon,2004
411,Confessions Part II,Usher,2004
412,Slow Motion,Juvenile,2004
413,Freek-a-Leek,Petey Pablo,2004
414,Here Without You,3 Doors Down,2004
415,Slow Jamz,Twista,2004
416,Someday,Nickelback,2004
417,Naughty Girl,Beyoncé,2004
418,My Immortal,Evanescence,2004
419,Sunshine,Lil' Flip,2004
420,Dirt Off Your Shoulder,Jay-Z,2004
421,Move Ya Body,Nina Sky,2004
422,Dip It Low,Christina Milian,2004
423,My Boo,Usher and Alicia Keys,2004
424,One Call Away,Chingy,2004
425,"Me, Myself and I",Beyoncé,2004
426,Turn Me On,Kevin Lyttle,2004
427,The First Cut Is the Deepest,Sheryl Crow,2004
428,You Don't Know My Name,Alicia Keys,2004
429,My Place,Nelly,2004
430,Overnight Celebrity,Twista,2004
431,Hotel,Cassidy,2004
432,Numb,Linkin Park,2004
433,Diary,Alicia Keys,2004
434,She Will Be Loved,Maroon 5,2004
435,White Flag,Dido,2004
436,Heaven,Los Lonely Boys,2004
437,It's My Life,No Doubt,2004
438,Pieces of Me,Ashlee Simpson,2004
439,Leave (Get Out),JoJo,2004
440,Milkshake,Kelis,2004
441,Splash Waterfalls,Ludacris,2004
442,Jesus Walks,Kanye West,2004
443,Locked Up,Akon,2004
444,Stand Up,Ludacris,2004
445,Suga Suga,Baby Bash,2004
446,All Falls Down,Kanye West,2004
447,Toxic,Britney Spears,2004
448,Salt Shaker,Ying Yang Twins,2004
449,With You,Jessica Simpson,2004
450,Meant to Live,Switchfoot,2004
451,I Like That,Houston,2004
452,Sorry 2004,Ruben Studdard,2004
453,My Happy Ending,Avril Lavigne,2004
454,On Fire,Lloyd Banks,2004
455,Roses,Outkast,2004
456,Walked Outta Heaven,Jagged Edge,2004
457,Lose My Breath,Destiny's Child,2004
458,My Band,D12,2004
459,I'm Still in Love with You,Sean Paul,2004
460,Through the Wire,Kanye West,2004
461,Why?,Jadakiss,2004
462,Fuck It (I Don't Want You Back),Eamon,2004
463,Read Your Mind,Avant,2004
464,Game Over (Flip),Lil' Flip,2004
465,One Thing,Finger Eleven,2004
466,Headsprung,LL Cool J,2004
467,Damn!,YoungBloodZ,2004
468,Baby Boy,Beyoncé,2004
469,Get Low,Lil Jon & the East Side Boyz,2004
470,Drop It Like It's Hot,Snoop Dogg,2004
471,U Should've Known Better,Monica,2004
472,On the Way Down,Ryan Cabrera,2004
473,Breakaway,Kelly Clarkson,2004
474,Why Don't You & I,Santana,2004
475,Are You Gonna Be My Girl,Jet,2004
476,100 Years,Five for Fighting,2004
477,Step in the Name of Love,R. Kelly,2004
478,Breaking the Habit,Linkin Park,2004
479,Gigolo,Nick Cannon,2004
480,Live Like You Were Dying,Tim McGraw,2004
481,Remember When,Alan Jackson,2004
482,Everytime,Britney Spears,2004
483,Southside,Lloyd,2004
484,Dude,Beenie Man,2004
485,Wanna Get to Know You,G-Unit,2004
486,Holidae In,Chingy,2004
487,Let's Get It Started,The Black Eyed Peas,2004
488,When the Sun Goes Down,Kenny Chesney,2004
489,American Soldier,Toby Keith,2004
490,Change Clothes,Jay-Z,2004
491,Don't Tell Me,Avril Lavigne,2004
492,You'll Think of Me,Keith Urban,2004
493,Happy People,R. Kelly,2004
494,Hey Mama,The Black Eyed Peas,2004
495,Over and Over,Nelly,2004
496,Redneck Woman,Gretchen Wilson,2004
497,Just Lose It,Eminem,2004
498,Letters from Home,John Michael Montgomery,2004
499,I Go Back,Kenny Chesney,2004
500,We Belong Together,Mariah Carey,2005
501,Hollaback Girl,Gwen Stefani,2005
502,Let Me Love You,Mario,2005
503,Since U Been Gone,Kelly Clarkson,2005
504,"1, 2 Step",Ciara,2005
505,Gold Digger,Kanye West,2005
506,Boulevard of Broken Dreams,Green Day,2005
507,Candy Shop,50 Cent,2005
508,Don't Cha,The Pussycat Dolls,2005
509,Behind These Hazel Eyes,Kelly Clarkson,2005
510,Disco Inferno,50 Cent,2005
511,You and Me,Lifehouse,2005
512,Don't Phunk with My Heart,The Black Eyed Peas,2005
513,Lose Control,Missy Elliott,2005
514,Shake It Off,Mariah Carey,2005
515,Mr. Brightside,The Killers,2005
516,Just a Lil Bit,50 Cent,2005
517,Pon de Replay,Rihanna,2005
518,How We Do,The Game,2005
519,Beverly Hills,Weezer,2005
520,Oh,Ciara,2005
521,Lonely No More,Rob Thomas,2005
522,Drop It Like It's Hot,Snoop Dogg,2005
523,Hate It or Love It,The Game,2005
524,Lovers & Friends,Lil Jon,2005
525,Soldier,Destiny's Child,2005
526,Breakaway,Kelly Clarkson,2005
527,Switch,Will Smith,2005
528,Let Me Hold You,Bow Wow,2005
529,Like You,Bow Wow,2005
530,Rich Girl,Gwen Stefani,2005
531,My Humps,The Black Eyed Peas,2005
532,Obsession (No Es Amor),Frankie J,2005
533,Caught Up,Usher,2005
534,Listen to Your Heart,DHT,2005
535,Scars,Papa Roach,2005
536,Feel Good Inc.,Gorillaz,2005
537,Let Me Go,3 Doors Down,2005
538,Holiday,Green Day,2005
539,"Sugar, We're Goin Down",Fall Out Boy,2005
540,Grind with Me,Pretty Ricky,2005
541,Run It!,Chris Brown,2005
542,Photograph,Nickelback,2005
543,Lonely,Akon,2005
544,Collide,Howie Day,2005
545,Wake Me Up When September Ends,Green Day,2005
546,Slow Down,Bobby Valentino,2005
547,Over and Over,Nelly,2005
548,Some Cut,Trillville,2005
549,Get It Poppin',Fat Joe,2005
550,Play,David Banner,2005
551,Soul Survivor,Young Jeezy,2005
552,Pimpin' All Over the World,Ludacris,2005
553,My Boo,Usher and Alicia Keys,2005
554,Sugar (Gimme Some),Trick Daddy,2005
555,Karma,Alicia Keys,2005
556,Speed of Sound,Coldplay,2005
557,I Don't Want to Be,Gavin DeGraw,2005
558,Mockingbird,Eminem,2005
559,La Tortura,Shakira,2005
560,She Will Be Loved,Maroon 5,2005
561,Baby I'm Back,Baby Bash,2005
562,Wait (The Whisper Song),Ying Yang Twins,2005
563,Incomplete,Backstreet Boys,2005
564,Bring Em Out,T.I.,2005
565,Cater 2 U,Destiny's Child,2005
566,1 Thing,Amerie,2005
567,Best of You,Foo Fighters,2005
568,It's Like That,Mariah Carey,2005
569,Goin' Crazy,Natalie,2005
570,Inside Your Heaven,Carrie Underwood,2005
571,Because of You,Kelly Clarkson,2005
572,Truth Is,Fantasia,2005
573,Your Body,Pretty Ricky,2005
574,Beautiful Soul,Jesse McCartney,2005
575,Cool,Gwen Stefani,2005
576,Get Back,Ludacris,2005
577,Outta Control,50 Cent,2005
578,U Don't Know Me,T.I.,2005
579,These Words,Natasha Bedingfield,2005
580,Don't Lie,The Black Eyed Peas,2005
581,Get Right,Jennifer Lopez,2005
582,Daughters,John Mayer,2005
583,As Good as I Once Was,Toby Keith,2005
584,Girlfight,Brooke Valentine,2005
585,Lose My Breath,Destiny's Child,2005
586,Ordinary People,John Legend,2005
587,We Be Burnin',Sean Paul,2005
588,Just the Girl,The Click Five,2005
589,True,Ryan Cabrera,2005
590,O,Omarion,2005
591,Back Then,Mike Jones,2005
592,Numb/Encore,Jay-Z and Linkin Park,2005
593,Wonderful,Ja Rule,2005
594,I'm Sprung,T-Pain,2005
595,Chariot,Gavin DeGraw,2005
596,U Already Know,112,2005
597,Mississippi Girl,Faith Hill,2005
598,Number One Spot,Ludacris,2005
599,Give Me That,Webbie,2005
600,Bad Day,Daniel Powter,2006
601,Temperature,Sean Paul,2006
602,Promiscuous,Nelly Furtado,2006
603,You're Beautiful,James Blunt,2006
604,Hips Don't Lie,Shakira,2006
605,Unwritten,Natasha Bedingfield,2006
606,Crazy,Gnarls Barkley,2006
607,Ridin',Chamillionaire,2006
608,SexyBack,Justin Timberlake,2006
609,Check on It,Beyoncé,2006
610,Be Without You,Mary J. Blige,2006
611,Grillz,"Nelly, Paul Wall and Ali & Gipp",2006
612,Over My Head (Cable Car),The Fray,2006
613,Me & U,Cassie,2006
614,Buttons,Pussycat Dolls,2006
615,Run It!,Chris Brown,2006
616,So Sick,Ne-Yo,2006
617,It's Goin' Down,Yung Joc,2006
618,SOS,Rihanna,2006
619,I Write Sins Not Tragedies,Panic! at the Disco,2006
620,Move Along,The All-American Rejects,2006
621,London Bridge,Fergie,2006
622,Dani California,Red Hot Chili Peppers,2006
623,Snap Yo Fingers,Lil Jon,2006
624,"Lean wit It, Rock wit It",Dem Franchize Boyz,2006
625,What Hurts the Most,Rascal Flatts,2006
626,How to Save a Life,The Fray,2006
627,Unfaithful,Rihanna,2006
628,Chasing Cars,Snow Patrol,2006
629,Lips of an Angel,Hinder,2006
630,Everytime We Touch,Cascada,2006
631,Ain't No Other Man,Christina Aguilera,2006
632,"Dance, Dance",Fall Out Boy,2006
633,Gold Digger,Kanye West,2006
634,Money Maker,Ludacris,2006
635,Ms. New Booty,Bubba Sparxxx,2006
636,(When You Gonna) Give It Up to Me,Sean Paul,2006
637,Photograph,Nickelback,2006
638,Because of You,Kelly Clarkson,2006
639,Stickwitu,Pussycat Dolls,2006
640,I'm 'n Luv (wit a Stripper),T-Pain,2006
641,My Humps,The Black Eyed Peas,2006
642,Where'd You Go,Fort Minor,2006
643,Yo (Excuse Me Miss),Chris Brown,2006
644,Walk Away,Kelly Clarkson,2006
645,Laffy Taffy,D4L,2006
646,What You Know,T.I.,2006
647,Dirty Little Secret,The All-American Rejects,2006
648,Savin' Me,Nickelback,2006
649,Don't Forget About Us,Mariah Carey,2006
650,Sexy Love,Ne-Yo,2006
651,U and Dat,E-40,2006
652,Far Away,Nickelback,2006
653,What's Left of Me,Nick Lachey,2006
654,So What,Field Mob,2006
655,Do It to It,Cherish,2006
656,Black Horse and the Cherry Tree,KT Tunstall,2006
657,There It Go (The Whistle Song),Juelz Santana,2006
658,Shoulder Lean,Young Dro,2006
659,Unpredictable,Jamie Foxx,2006
660,My Love,Justin Timberlake,2006
661,Shake That,Eminem,2006
662,Pullin' Me Back,Chingy,2006
663,Bossy,Kelis,2006
664,Chain Hang Low,Jibbs,2006
665,Smack That,Akon,2006
666,One Wish,Ray J,2006
667,"Sugar, We're Goin Down",Fall Out Boy,2006
668,Gimme That,Chris Brown,2006
669,I Know You See It,Yung Joc,2006
670,Who Says You Can't Go Home,Bon Jovi,2006
671,Too Little Too Late,JoJo,2006
672,Touch It,Busta Rhymes,2006
673,Rompe,Daddy Yankee,2006
674,Déjà Vu,Beyoncé,2006
675,Life Is a Highway,Rascal Flatts,2006
676,Call Me When You're Sober,Evanescence,2006
677,"Jesus, Take the Wheel",Carrie Underwood,2006
678,Show Stopper,Danity Kane,2006
679,Get Up,Ciara,2006
680,We Be Burnin',Sean Paul,2006
681,Hate Me,Blue October,2006
682,You and Me,Lifehouse,2006
683,Beep,Pussycat Dolls,2006
684,I Think They Like Me,Dem Franchize Boyz,2006
685,Say Goodbye,Chris Brown,2006
686,Waiting on the World to Change,John Mayer,2006
687,Soul Survivor,Young Jeezy,2006
688,Pump It,The Black Eyed Peas,2006
689,When I'm Gone,Eminem,2006
690,Hung Up,Madonna,2006
691,Stay Fly,Three 6 Mafia,2006
692,Love,Keyshia Cole,2006
693,When You're Mad,Ne-Yo,2006
694,Why You Wanna,T.I.,2006
695,Stupid Girls,Pink,2006
696,Feel Good Inc.,Gorillaz,2006
697,I'm Sprung,T-Pain,2006
698,Do I Make You Proud,Taylor Hicks,2006
699,For You I Will (Confidence),Teddy Geiger,2006
700,Irreplaceable,Beyoncé,2007
701,Umbrella,Rihanna,2007
702,The Sweet Escape,Gwen Stefani,2007
703,Big Girls Don't Cry,Fergie,2007
704,Buy U a Drank (Shawty Snappin'),T-Pain,2007
705,Before He Cheats,Carrie Underwood,2007
706,Hey There Delilah,Plain White T's,2007
707,I Wanna Love You,Akon,2007
708,Say It Right,Nelly Furtado,2007
709,Glamorous,Fergie,2007
710,Don't Matter,Akon,2007
711,Girlfriend,Avril Lavigne,2007
712,Makes Me Wonder,Maroon 5,2007
713,Party Like a Rockstar,Shop Boyz,2007
714,Smack That,Akon,2007
715,This Is Why I'm Hot,Mims,2007
716,It's Not Over,Daughtry,2007
717,The Way I Are,Timbaland,2007
718,Fergalicious,Fergie,2007
719,Crank That (Soulja Boy),Soulja Boy Tell 'Em,2007
720,Give It to Me,Timbaland,2007
721,What Goes Around... Comes Around,Justin Timberlake,2007
722,Cupid's Chokehold,Gym Class Heroes,2007
723,How to Save a Life,The Fray,2007
724,Home,Daughtry,2007
725,My Love,Justin Timberlake,2007
726,Stronger,Kanye West,2007
727,We Fly High,Jim Jones,2007
728,U + Ur Hand,Pink,2007
729,Walk It Out,Unk,2007
730,Beautiful Girls,Sean Kingston,2007
731,"This Ain't a Scene, It's an Arms Race",Fall Out Boy,2007
732,Bartender,T-Pain,2007
733,"Pop, Lock & Drop It",Huey,2007
734,Runaway Love,Ludacris,2007
735,Rockstar,Nickelback,2007
736,Thnks fr th Mmrs,Fall Out Boy,2007
737,What I've Done,Linkin Park,2007
738,Summer Love,Justin Timberlake,2007
739,You,Lloyd,2007
740,Wait for You,Elliott Yamin,2007
741,Last Night,Diddy,2007
742,Make It Rain,Fat Joe,2007
743,Make Me Better,Fabolous,2007
744,Ice Box,Omarion,2007
745,Lips of an Angel,Hinder,2007
746,Waiting on the World to Change,John Mayer,2007
747,Lost Without U,Robin Thicke,2007
748,I'm a Flirt,R. Kelly,2007
749,If Everyone Cared,Nickelback,2007
750,Get It Shawty,Lloyd,2007
751,Face Down,The Red Jumpsuit Apparatus,2007
752,The Way I Live,Baby Boy da Prince,2007
753,Shortie Like Mine,Bow Wow,2007
754,It Ends Tonight,The All-American Rejects,2007
755,A Bay Bay,Hurricane Chris,2007
756,Because of You,Ne-Yo,2007
757,I Tried,Bone Thugs-n-Harmony,2007
758,Welcome to the Black Parade,My Chemical Romance,2007
759,Shawty,Plies,2007
760,Chasing Cars,Snow Patrol,2007
761,Beautiful Liar,Beyoncé and Shakira,2007
762,SexyBack,Justin Timberlake,2007
763,Keep Holding On,Avril Lavigne,2007
764,Let It Go,Keyshia Cole,2007
765,Apologize,Timbaland,2007
766,Bubbly,Colbie Caillat,2007
767,Like a Boy,Ciara,2007
768,Who Knew,Pink,2007
769,Never Again,Kelly Clarkson,2007
770,Promise,Ciara,2007
771,Bed,J. Holiday,2007
772,Throw Some D's,Rich Boy,2007
773,Rehab,Amy Winehouse,2007
774,Big Shit Poppin' (Do It),T.I.,2007
775,No One,Alicia Keys,2007
776,The Great Escape,Boys Like Girls,2007
777,2 Step,Unk,2007
778,Walk Away (Remember Me),Paula DeAnda,2007
779,Go Getta,Young Jeezy,2007
780,Here (In Your Arms),Hellogoodbye,2007
781,On the Hotline,Pretty Ricky,2007
782,Wind It Up,Gwen Stefani,2007
783,Cyclone,Baby Bash,2007
784,Break It Off,Rihanna,2007
785,First Time,Lifehouse,2007
786,Ayo Technology,50 Cent,2007
787,Outta My System,Bow Wow,2007
788,Teardrops on My Guitar,Taylor Swift,2007
789,Shut Up and Drive,Rihanna,2007
790,Snow (Hey Oh),Red Hot Chili Peppers,2007
791,Money Maker,Ludacris,2007
792,Kiss Kiss,Chris Brown,2007
793,Far Away,Nickelback,2007
794,Rock Yo Hips,Crime Mob and Lil' Scrappy,2007
795,LoveStoned,Justin Timberlake,2007
796,Better than Me,Hinder,2007
797,Paralyzer,Finger Eleven,2007
798,That's That,Snoop Dogg,2007
799,Same Girl,R. Kelly,2007
800,Low,Flo Rida,2008
801,Bleeding Love,Leona Lewis,2008
802,No One,Alicia Keys,2008
803,Lollipop,Lil Wayne,2008
804,Apologize,Timbaland,2008
805,No Air,Jordin Sparks and Chris Brown,2008
806,Love Song,Sara Bareilles,2008
807,Love in This Club,Usher,2008
808,With You,Chris Brown,2008
809,Forever,Chris Brown,2008
810,Sexy Can I,Ray J,2008
811,Take a Bow,Rihanna,2008
812,Viva la Vida,Coldplay,2008
813,I Kissed a Girl,Katy Perry,2008
814,Whatever You Like,T.I.,2008
815,Disturbia,Rihanna,2008
816,Don't Stop the Music,Rihanna,2008
817,Pocketful of Sunshine,Natasha Bedingfield,2008
818,Kiss Kiss,Chris Brown,2008
819,Closer,Ne-Yo,2008
820,Bubbly,Colbie Caillat,2008
821,Touch My Body,Mariah Carey,2008
822,4 Minutes,Madonna,2008
823,So What,Pink,2008
824,Paralyzer,Finger Eleven,2008
825,Clumsy,Fergie,2008
826,I'm Yours,Jason Mraz,2008
827,Leavin',Jesse McCartney,2008
828,Dangerous,Kardinal Offishall,2008
829,Tattoo,Jordin Sparks,2008
830,See You Again,Miley Cyrus,2008
831,Shake It,Metro Station,2008
832,Stop and Stare,OneRepublic,2008
833,Take You There,Sean Kingston,2008
834,Paper Planes,M.I.A.,2008
835,Hot n Cold,Katy Perry,2008
836,Live Your Life,T.I.,2008
837,Bust It Baby (Part 2),Plies,2008
838,American Boy,Estelle,2008
839,Got Money,Lil Wayne,2008
840,Our Song,Taylor Swift,2008
841,Damaged,Danity Kane,2008
842,A Milli,Lil Wayne,2008
843,Sorry,Buckcherry,2008
844,Independent,Webbie,2008
845,Can't Believe It,T-Pain,2008
846,Like You'll Never See Me Again,Alicia Keys,2008
847,Teardrops on My Guitar,Taylor Swift,2008
848,When I Grow Up,Pussycat Dolls,2008
849,Sexual Eruption,Snoop Dogg,2008
850,What You Got,Colby O'Donis,2008
851,It's Not My Time,3 Doors Down,2008
852,Better in Time,Leona Lewis,2008
853,Crank That (Soulja Boy),Soulja Boy Tell 'Em,2008
854,Shadow of the Day,Linkin Park,2008
855,Sweetest Girl (Dollar Bill),Wyclef Jean,2008
856,Miss Independent,Ne-Yo,2008
857,Fall for You,Secondhand Serenade,2008
858,In the Ayer,Flo Rida,2008
859,Say,John Mayer,2008
860,One Step at a Time,Jordin Sparks,2008
861,Hate That I Love You,Rihanna,2008
862,Superstar,Lupe Fiasco,2008
863,Suffocate,J. Holiday,2008
864,Let It Rock,Kevin Rudolf,2008
865,Get Like Me,David Banner,2008
866,Realize,Colbie Caillat,2008
867,Put On,Young Jeezy,2008
868,The Time of My Life,David Cook,2008
869,Lolli Lolli (Pop That Body),Three 6 Mafia,2008
870,Cyclone,Baby Bash,2008
871,Love Like This,Natasha Bedingfield,2008
872,Burnin' Up,Jonas Brothers,2008
873,Love Lockdown,Kanye West,2008
874,I Luv Your Girl,The-Dream,2008
875,Crush,David Archuleta,2008
876,Hypnotized,Plies,2008
877,Big Girls Don't Cry,Fergie,2008
878,Good Life,Kanye West,2008
879,Womanizer,Britney Spears,2008
880,Love Story,Taylor Swift,2008
881,Just Fine,Mary J. Blige,2008
882,Piece of Me,Britney Spears,2008
883,The Boss,Rick Ross,2008
884,All Summer Long,Kid Rock,2008
885,Can't Help but Wait,Trey Songz,2008
886,In Love with a Girl,Gavin DeGraw,2008
887,My Life,The Game,2008
888,I Remember,Keyshia Cole,2008
889,Flashing Lights,Kanye West,2008
890,Mrs. Officer,Lil Wayne,2008
891,7 Things,Miley Cyrus,2008
892,You're Gonna Miss This,Trace Adkins,2008
893,Love Remains the Same,Gavin Rossdale,2008
894,Feels Like Tonight,Daughtry,2008
895,The Way I Are,Timbaland,2008
896,Addicted,Saving Abel,2008
897,Into the Night,Santana,2008
898,Heaven Sent,Keyshia Cole,2008
899,She Got It,2 Pistols,2008
900,Boom Boom Pow,The Black Eyed Peas,2009
901,Poker Face,Lady Gaga,2009
902,Just Dance,Lady Gaga,2009
903,I Gotta Feeling,The Black Eyed Peas,2009
904,Love Story,Taylor Swift,2009
905,Right Round,Flo Rida,2009
906,I'm Yours,Jason Mraz,2009
907,Single Ladies (Put a Ring on It),Beyoncé,2009
908,Heartless,Kanye West,2009
909,Gives You Hell,The All-American Rejects,2009
910,You Belong with Me,Taylor Swift,2009
911,Dead and Gone,T.I.,2009
912,You Found Me,The Fray,2009
913,Use Somebody,Kings of Leon,2009
914,Knock You Down,Keri Hilson,2009
915,Blame It,Jamie Foxx,2009
916,I Know You Want Me (Calle Ocho),Pitbull,2009
917,Live Your Life,T.I.,2009
918,Kiss Me thru the Phone,Soulja Boy Tell 'Em,2009
919,Down,Jay Sean,2009
920,The Climb,Miley Cyrus,2009
921,Best I Ever Had,Drake,2009
922,My Life Would Suck Without You,Kelly Clarkson,2009
923,Halo,Beyoncé,2009
924,Hot n Cold,Katy Perry,2009
925,Second Chance,Shinedown,2009
926,Circus,Britney Spears,2009
927,Day 'n' Nite,Kid Cudi,2009
928,Party in the U.S.A.,Miley Cyrus,2009
929,Don't Trust Me,3OH!3,2009
930,Run This Town,Jay-Z,2009
931,Let It Rock,Kevin Rudolf,2009
932,Fire Burning,Sean Kingston,2009
933,Whatcha Say,Jason Derulo,2009
934,LoveGame,Lady Gaga,2009
935,Waking Up in Vegas,Katy Perry,2009
936,Birthday Sex,Jeremih,2009
937,Sober,Pink,2009
938,Womanizer,Britney Spears,2009
939,Whatever You Like,T.I.,2009
940,Obsessed,Mariah Carey,2009
941,Mad,Ne-Yo,2009
942,Good Girls Go Bad,Cobra Starship,2009
943,Love Lockdown,Kanye West,2009
944,So What,Pink,2009
945,Hotel Room Service,Pitbull,2009
946,Crack a Bottle,"Eminem, Dr. Dre and 50 Cent",2009
947,If I Were a Boy,Beyoncé,2009
948,Turnin Me On,Keri Hilson,2009
949,I Hate This Part,Pussycat Dolls,2009
950,Gotta Be Somebody,Nickelback,2009
951,Please Don't Leave Me,Pink,2009
952,Paparazzi,Lady Gaga,2009
953,Beautiful,Akon,2009
954,Viva la Vida,Coldplay,2009
955,Right Now (Na Na Na),Akon,2009
956,Battlefield,Jordin Sparks,2009
957,Sugar,Flo Rida,2009
958,Miss Independent,Ne-Yo,2009
959,Fireflies,Owl City,2009
960,New Divide,Linkin Park,2009
961,Empire State of Mind,Jay-Z,2009
962,No Surprise,Daughtry,2009
963,She Wolf,Shakira,2009
964,Break Up,Mario,2009
965,Sweet Dreams,Beyoncé,2009
966,Every Girl,Young Money,2009
967,Fallin' for You,Colbie Caillat,2009
968,Untouched,The Veronicas,2009
969,If Today Was Your Last Day,Nickelback,2009
970,Throw It in the Bag,Fabolous,2009
971,Love Drunk,Boys Like Girls,2009
972,I Love College,Asher Roth,2009
973,If U Seek Amy,Britney Spears,2009
974,Big Green Tractor,Jason Aldean,2009
975,White Horse,Taylor Swift,2009
976,Disturbia,Rihanna,2009
977,21 Guns,Green Day,2009
978,Turn My Swag On,Soulja Boy Tell 'Em,2009
979,Rockin' That Thang,The-Dream,2009
980,Chicken Fried,Zac Brown Band,2009
981,Diva,Beyoncé,2009
982,Replay,Iyaz,2009
983,Then,Brad Paisley,2009
984,Her Diamonds,Rob Thomas,2009
985,How Do You Sleep?,Jesse McCartney,2009
986,3,Britney Spears,2009
987,Forever,Drake,2009
988,One Time,Justin Bieber,2009
989,I Run to You,Lady Antebellum,2009
990,I Do Not Hook Up,Kelly Clarkson,2009
991,Green Light,John Legend,2009
992,People Are Crazy,Billy Currington,2009
993,Whatever It Is,Zac Brown Band,2009
994,Already Gone,Kelly Clarkson,2009
995,Goodbye,Kristinia DeBarge,2009
996,Say Hey (I Love You),Michael Franti & Spearhead,2009
997,Pop Champagne,Jim Jones,2009
998,Pretty Wings,Maxwell,2009
999,Never Say Never,The Fray,2009
1000,Tik Tok,Kesha,2010
1001,Need You Now,Lady Antebellum,2010
1002,"Hey, Soul Sister",Train,2010
1003,California Gurls,Katy Perry,2010
1004,OMG,Usher,2010
1005,Airplanes,B.o.B,2010
1006,Love the Way You Lie,Eminem,2010
1007,Bad Romance,Lady Gaga,2010
1008,Dynamite,Taio Cruz,2010
1009,Break Your Heart,Taio Cruz,2010
1010,Nothin' on You,B.o.B,2010
1011,I Like It,Enrique Iglesias,2010
1012,BedRock,Young Money,2010
1013,In My Head,Jason Derulo,2010
1014,Rude Boy,Rihanna,2010
1015,Telephone,Lady Gaga,2010
1016,Teenage Dream,Katy Perry,2010
1017,Just the Way You Are,Bruno Mars,2010
1018,Cooler Than Me,Mike Posner,2010
1019,Imma Be,The Black Eyed Peas,2010
1020,Empire State of Mind,Jay-Z,2010
1021,DJ Got Us Fallin' in Love,Usher,2010
1022,Billionaire,Travie McCoy,2010
1023,Not Afraid,Eminem,2010
1024,Replay,Iyaz,2010
1025,Sexy Bitch,David Guetta,2010
1026,Breakeven,The Script,2010
1027,Your Love Is My Drug,Kesha,2010
1028,I Gotta Feeling,The Black Eyed Peas,2010
1029,Fireflies,Owl City,2010
1030,Say Aah,Trey Songz,2010
1031,Find Your Love,Drake,2010
1032,Alejandro,Lady Gaga,2010
1033,Ridin' Solo,Jason Derulo,2010
1034,Just a Dream,Nelly,2010
1035,How Low,Ludacris,2010
1036,Like a G6,Far East Movement,2010
1037,Carry Out,Timbaland,2010
1038,Haven't Met You Yet,Michael Bublé,2010
1039,Club Can't Handle Me,Flo Rida,2010
1040,Down,Jay Sean,2010
1041,Bulletproof,La Roux,2010
1042,Whatcha Say,Jason Derulo,2010
1043,Baby,Justin Bieber,2010
1044,Whataya Want from Me,Adam Lambert,2010
1045,Mine,Taylor Swift,2010
1046,Only Girl (In the World),Rihanna,2010
1047,Live Like We're Dying,Kris Allen,2010
1048,Hard,Rihanna,2010
1049,Young Forever,Jay-Z,2010
1050,Blah Blah Blah,Kesha,2010
1051,Bottoms Up,Trey Songz,2010
1052,Do You Remember,Jay Sean,2010
1053,All the Right Moves,OneRepublic,2010
1054,According to You,Orianthi,2010
1055,My Chick Bad,Ludacris,2010
1056,You Belong with Me,Taylor Swift,2010
1057,Meet Me Halfway,The Black Eyed Peas,2010
1058,Take It Off,Kesha,2010
1059,Over,Drake,2010
1060,Animal,Neon Trees,2010
1061,Misery,Maroon 5,2010
1062,Magic,B.o.B,2010
1063,Paparazzi,Lady Gaga,2010
1064,Tie Me Down,New Boyz,2010
1065,Your Love,Nicki Minaj,2010
1066,Party in the U.S.A.,Miley Cyrus,2010
1067,Deuces,Chris Brown,2010
1068,3,Britney Spears,2010
1069,Impossible,Shontelle,2010
1070,Forever,Drake,2010
1071,Two Is Better Than One,Boys Like Girls,2010
1072,My First Kiss,3OH!3,2010
1073,Already Gone,Kelly Clarkson,2010
1074,Rock That Body,The Black Eyed Peas,2010
1075,Secrets,OneRepublic,2010
1076,Naturally,Selena Gomez & the Scene,2010
1077,Un-Thinkable (I'm Ready),Alicia Keys,2010
1078,All I Do Is Win,DJ Khaled,2010
1079,I Made It (Cash Money Heroes),Kevin Rudolf,2010
1080,Stuck Like Glue,Sugarland,2010
1081,Hey Daddy (Daddy's Home),Usher,2010
1082,There Goes My Baby,Usher,2010
1083,Today Was a Fairytale,Taylor Swift,2010
1084,Say Something,Timbaland,2010
1085,Sweet Dreams,Beyoncé,2010
1086,Use Somebody,Kings of Leon,2010
1087,Undo It,Carrie Underwood,2010
1088,Eenie Meenie,Sean Kingston and Justin Bieber,2010
1089,Right Above It,Lil Wayne,2010
1090,The House That Built Me,Miranda Lambert,2010
1091,If I Die Young,The Band Perry,2010
1092,The Only Exception,Paramore,2010
1093,American Honey,Lady Antebellum,2010
1094,King of Anything,Sara Bareilles,2010
1095,Life After You,Daughtry,2010
1096,Smile,Uncle Kracker,2010
1097,Teach Me How to Dougie,Cali Swag District,2010
1098,Try Sleeping with a Broken Heart,Alicia Keys,2010
1099,"Lover, Lover",Jerrod Niemann,2010
1100,Rolling in the Deep,Adele,2011
1101,Party Rock Anthem,LMFAO,2011
1102,Firework,Katy Perry,2011
1103,E.T.,Katy Perry,2011
1104,Give Me Everything,Pitbull,2011
1105,Grenade,Bruno Mars,2011
1106,Fuck You,CeeLo Green,2011
1107,Super Bass,Nicki Minaj,2011
1108,Moves like Jagger,Maroon 5,2011
1109,Just Can't Get Enough,The Black Eyed Peas,2011
1110,On the Floor,Jennifer Lopez,2011
1111,S&M,Rihanna,2011
1112,Pumped Up Kicks,Foster the People,2011
1113,Last Friday Night (T.G.I.F.),Katy Perry,2011
1114,Just the Way You Are,Bruno Mars,2011
1115,Tonight (I'm Lovin' You),Enrique Iglesias,2011
1116,Raise Your Glass,Pink,2011
1117,Born This Way,Lady Gaga,2011
1118,F**kin' Perfect,Pink,2011
1119,What's My Name?,Rihanna,2011
1120,Look at Me Now,Chris Brown,2011
1121,Down on Me,Jeremih,2011
1122,How to Love,Lil Wayne,2011
1123,Someone Like You,Adele,2011
1124,Good Life,OneRepublic,2011
1125,The Lazy Song,Bruno Mars,2011
1126,Till the World Ends,Britney Spears,2011
1127,The Show Goes On,Lupe Fiasco,2011
1128,The Edge of Glory,Lady Gaga,2011
1129,We R Who We R,Kesha,2011
1130,Black and Yellow,Wiz Khalifa,2011
1131,Tonight Tonight,Hot Chelle Rae,2011
1132,Blow,Kesha,2011
1133,Lighters,Bad Meets Evil,2011
1134,If I Die Young,The Band Perry,2011
1135,Stereo Hearts,Gym Class Heroes,2011
1136,The Time (Dirty Bit),The Black Eyed Peas,2011
1137,Coming Home,Diddy – Dirty Money,2011
1138,Hey Baby (Drop It to the Floor),Pitbull,2011
1139,Only Girl (In the World),Rihanna,2011
1140,6 Foot 7 Foot,Lil Wayne,2011
1141,Just a Kiss,Lady Antebellum,2011
1142,Dirt Road Anthem,Jason Aldean,2011
1143,Dynamite,Taio Cruz,2011
1144,No Hands,Waka Flocka Flame,2011
1145,I Wanna Go,Britney Spears,2011
1146,I'm on One,DJ Khaled,2011
1147,You Make Me Feel...,Cobra Starship,2011
1148,Yeah 3x,Chris Brown,2011
1149,Moment 4 Life,Nicki Minaj,2011
1150,I Need a Doctor,Dr. Dre,2011
1151,Just a Dream,Nelly,2011
1152,Motivation,Kelly Rowland,2011
1153,Stereo Love,Edward Maya,2011
1154,Jar of Hearts,Christina Perri,2011
1155,Roll Up,Wiz Khalifa,2011
1156,Sexy and I Know It,LMFAO,2011
1157,Rocketeer,Far East Movement,2011
1158,All of the Lights,Kanye West,2011
1159,Hold It Against Me,Britney Spears,2011
1160,More,Usher,2011
1161,What the Hell,Avril Lavigne,2011
1162,Written in the Stars,Tinie Tempah,2011
1163,Bottoms Up,Trey Songz,2011
1164,DJ Got Us Fallin' in Love,Usher,2011
1165,For the First Time,The Script,2011
1166,Honey Bee,Blake Shelton,2011
1167,Don't You Wanna Stay,Jason Aldean,2011
1168,We Found Love,Rihanna,2011
1169,Pretty Girl Rock,Keri Hilson,2011
1170,Yoü and I,Lady Gaga,2011
1171,Like a G6,Far East Movement,2011
1172,Without You,David Guetta,2011
1173,Back to December,Taylor Swift,2011
1174,Teenage Dream,Katy Perry,2011
1175,Crazy Girl,Eli Young Band,2011
1176,Cheers (Drink to That),Rihanna,2011
1177,Who Says,Selena Gomez & the Scene,2011
1178,Barefoot Blue Jean Night,Jake Owen,2011
1179,Knee Deep,Zac Brown Band,2011
1180,Country Girl (Shake It for Me),Luke Bryan,2011
1181,Remind Me,Brad Paisley and Carrie Underwood,2011
1182,In the Dark,Dev,2011
1183,Backseat,New Boyz,2011
1184,Headlines,Drake,2011
1185,Best Thing I Never Had,Beyoncé,2011
1186,Don't Wanna Go Home,Jason Derulo,2011
1187,Where Them Girls At,David Guetta,2011
1188,She Ain't You,Chris Brown,2011
1189,Take a Back Road,Rodney Atkins,2011
1190,Please Don't Go,Mike Posner,2011
1191,Sure Thing,Miguel,2011
1192,Price Tag,Jessie J,2011
1193,God Gave Me You,Blake Shelton,2011
1194,She Will,Lil Wayne,2011
1195,Are You Gonna Kiss Me or Not,Thompson Square,2011
1196,Animal,Neon Trees,2011
1197,You and Tequila,Kenny Chesney,2011
1198,Colder Weather,Zac Brown Band,2011
1199,My Last,Big Sean,2011
1200,Somebody That I Used to Know,Gotye,2012
1201,Call Me Maybe,Carly Rae Jepsen,2012
1202,We Are Young,Fun,2012
1203,Payphone,Maroon 5,2012
1204,Lights,Ellie Goulding,2012
1205,Glad You Came,The Wanted,2012
1206,Stronger (What Doesn't Kill You),Kelly Clarkson,2012
1207,We Found Love,Rihanna,2012
1208,Starships,Nicki Minaj,2012
1209,What Makes You Beautiful,One Direction,2012
1210,Wild Ones,Flo Rida,2012
1211,Set Fire to the Rain,Adele,2012
1212,Sexy and I Know It,LMFAO,2012
1213,Some Nights,Fun,2012
1214,Wide Awake,Katy Perry,2012
1215,Good Feeling,Flo Rida,2012
1216,Whistle,Flo Rida,2012
1217,One More Night,Maroon 5,2012
1218,Drive By,Train,2012
1219,The Motto,Drake,2012
1220,Where Have You Been,Rihanna,2012
1221,Everybody Talks,Neon Trees,2012
1222,Take Care,Drake,2012
1223,Titanium,David Guetta,2012
1224,I Won't Give Up,Jason Mraz,2012
1225,It Will Rain,Bruno Mars,2012
1226,Mercy,"Kanye West, Big Sean, Pusha T and 2 Chainz",2012
1227,Boyfriend,Justin Bieber,2012
1228,Party Rock Anthem,LMFAO,2012
1229,Too Close,Alex Clare,2012
1230,Part of Me,Katy Perry,2012
1231,"Young, Wild & Free",Snoop Dogg and Wiz Khalifa,2012
1232,We Are Never Ever Getting Back Together,Taylor Swift,2012
1233,As Long as You Love Me,Justin Bieber,2012
1234,Turn Me On,David Guetta,2012
1235,Moves like Jagger,Maroon 5,2012
1236,Blow Me (One Last Kiss),Pink,2012
1237,Good Time,Owl City and Carly Rae Jepsen,2012
1238,Give Your Heart a Break,Demi Lovato,2012
1239,Niggas in Paris,Jay-Z and Kanye West,2012
1240,The One That Got Away,Katy Perry,2012
1241,Feel So Close,Calvin Harris,2012
1242,Someone like You,Adele,2012
1243,Scream,Usher,2012
1244,Rack City,Tyga,2012
1245,Domino,Jessie J,2012
1246,Gangnam Style,Psy,2012
1247,International Love,Pitbull,2012
1248,Home,Phillip Phillips,2012
1249,Without You,David Guetta,2012
1250,Ass Back Home,Gym Class Heroes,2012
1251,Wanted,Hunter Hayes,2012
1252,Drunk on You,Luke Bryan,2012
1253,No Lie,2 Chainz,2012
1254,Want U Back,Cher Lloyd,2012
1255,Don't Wake Me Up,Chris Brown,2012
1256,Dance (A$$),Big Sean,2012
1257,Springsteen,Eric Church,2012
1258,Brokenhearted,Karmin,2012
1259,Not Over You,Gavin DeGraw,2012
1260,Stereo Hearts,Gym Class Heroes,2012
1261,Back in Time,Pitbull,2012
1262,Work Out,J. Cole,2012
1263,Rumour Has It,Adele,2012
1264,Let's Go,Calvin Harris,2012
1265,Good Girl,Carrie Underwood,2012
1266,Pontoon,Little Big Town,2012
1267,Ho Hey,The Lumineers,2012
1268,Paradise,Coldplay,2012
1269,Blown Away,Carrie Underwood,2012
1270,Rolling in the Deep,Adele,2012
1271,Climax,Usher,2012
1272,"Work Hard, Play Hard",Wiz Khalifa,2012
1273,Let Me Love You (Until You Learn to Love Yourself),Ne-Yo,2012
1274,Pound the Alarm,Nicki Minaj,2012
1275,Come Over,Kenny Chesney,2012
1276,Heart Attack,Trey Songz,2012
1277,Drank in My Cup,Kirko Bangz,2012
1278,Birthday Cake,Rihanna,2012
1279,So Good,B.o.B,2012
1280,50 Ways to Say Goodbye,Train,2012
1281,Red Solo Cup,Toby Keith,2012
1282,Love You like a Love Song,Selena Gomez & the Scene,2012
1283,Turn Up the Music,Chris Brown,2012
1284,Die Young,Kesha,2012
1285,5 O'Clock,T-Pain,2012
1286,A Thousand Years,Christina Perri,2012
1287,Take a Little Ride,Jason Aldean,2012
1288,You da One,Rihanna,2012
1289,We Run the Night,Havana Brown,2012
1290,It's Time,Imagine Dragons,2012
1291,Cashin' Out,Cash Out,2012
1292,I Don't Want This Night to End,Luke Bryan,2012
1293,Diamonds,Rihanna,2012
1294,Hard to Love,Lee Brice,2012
1295,Somethin' 'Bout a Truck,Kip Moore,2012
1296,Adorn,Miguel,2012
1297,Fly Over States,Jason Aldean,2012
1298,Even If It Breaks Your Heart,Eli Young Band,2012
1299,Burn It Down,Linkin Park,2012
1300,Thrift Shop,Macklemore & Ryan Lewis,2013
1301,Blurred Lines,Robin Thicke,2013
1302,Radioactive,Imagine Dragons,2013
1303,Harlem Shake,Baauer,2013
1304,Can't Hold Us,Macklemore & Ryan Lewis,2013
1305,Mirrors,Justin Timberlake,2013
1306,Just Give Me a Reason,Pink,2013
1307,When I Was Your Man,Bruno Mars,2013
1308,Cruise,Florida Georgia Line,2013
1309,Roar,Katy Perry,2013
1310,Locked Out of Heaven,Bruno Mars,2013
1311,Ho Hey,The Lumineers,2013
1312,Stay,Rihanna,2013
1313,Get Lucky,Daft Punk,2013
1314,Royals,Lorde,2013
1315,I Knew You Were Trouble,Taylor Swift,2013
1316,We Can't Stop,Miley Cyrus,2013
1317,Wrecking Ball,Miley Cyrus,2013
1318,Wake Me Up,Avicii,2013
1319,Suit & Tie,Justin Timberlake,2013
1320,Cups (Pitch Perfect's When I'm Gone),Anna Kendrick,2013
1321,Holy Grail,Jay-Z,2013
1322,Scream & Shout,will.i.am,2013
1323,Clarity,Zedd,2013
1324,Sail,Awolnation,2013
1325,Don't You Worry Child,Swedish House Mafia,2013
1326,Diamonds,Rihanna,2013
1327,I Love It,Icona Pop,2013
1328,Safe and Sound,Capital Cities,2013
1329,Treasure,Bruno Mars,2013
1330,The Way,Ariana Grande,2013
1331,Started from the Bottom,Drake,2013
1332,Come & Get It,Selena Gomez,2013
1333,"Hold On, We're Going Home",Drake,2013
1334,Daylight,Maroon 5,2013
1335,Feel This Moment,Pitbull,2013
1336,Applause,Lady Gaga,2013
1337,One More Night,Maroon 5,2013
1338,Love Me,Lil Wayne,2013
1339,My Songs Know What You Did in the Dark (Light Em Up),Fall Out Boy,2013
1340,Fuckin' Problems,ASAP Rocky,2013
1341,Beauty and a Beat,Justin Bieber,2013
1342,Same Love,Macklemore & Ryan Lewis,2013
1343,Sweet Nothing,Calvin Harris,2013
1344,Summertime Sadness,Lana Del Rey and Cédric Gervais,2013
1345,Home,Phillip Phillips,2013
1346,It's Time,Imagine Dragons,2013
1347,Power Trip,J. Cole,2013
1348,Girl on Fire,Alicia Keys,2013
1349,Heart Attack,Demi Lovato,2013
1350,Love Somebody,Maroon 5,2013
1351,I Will Wait,Mumford & Sons,2013
1352,Try,Pink,2013
1353,Wagon Wheel,Darius Rucker,2013
1354,Gangnam Style,Psy,2013
1355,I Need Your Love,Calvin Harris,2013
1356,Die Young,Kesha,2013
1357,Some Nights,Fun,2013
1358,Bad,Wale,2013
1359,Boys 'Round Here,Blake Shelton,2013
1360,"Gone, Gone, Gone",Phillip Phillips,2013
1361,Demons,Imagine Dragons,2013
1362,Counting Stars,OneRepublic,2013
1363,I Cry,Flo Rida,2013
1364,Little Talks,Of Monsters and Men,2013
1365,The Other Side,Jason Derulo,2013
1366,Berzerk,Eminem,2013
1367,Catch My Breath,Kelly Clarkson,2013
1368,Crash My Party,Luke Bryan,2013
1369,Pour It Up,Rihanna,2013
1370,22,Taylor Swift,2013
1371,I Want Crazy,Hunter Hayes,2013
1372,The Fox (What Does the Fox Say?),Ylvis,2013
1373,Best Song Ever,One Direction,2013
1374,The A Team,Ed Sheeran,2013
1375,Carry On,Fun,2013
1376,Highway Don't Care,Tim McGraw,2013
1377,That's My Kind of Night,Luke Bryan,2013
1378,Swimming Pools (Drank),Kendrick Lamar,2013
1379,Sure Be Cool If You Did,Blake Shelton,2013
1380,#Beautiful,Mariah Carey,2013
1381,Troublemaker,Olly Murs,2013
1382,Body Party,Ciara,2013
1383,Adorn,Miguel,2013
1384,Hall of Fame,The Script,2013
1385,Let Me Love You (Until You Learn to Love Yourself),Ne-Yo,2013
1386,U.O.E.N.O.,Rocko,2013
1387,Next to Me,Emeli Sandé,2013
1388,Mama's Broken Heart,Miranda Lambert,2013
1389,It Goes Like This,Thomas Rhett,2013
1390,Bugatti,Ace Hood,2013
1391,Wanted,Hunter Hayes,2013
1392,Downtown,Lady Antebellum,2013
1393,Get Your Shine On,Florida Georgia Line,2013
1394,#thatPower,will.i.am,2013
1395,Brave,Sara Bareilles,2013
1396,Let Her Go,Passenger,2013
1397,Runnin' Outta Moonlight,Randy Houser,2013
1398,I'm Different,2 Chainz,2013
1399,Still Into You,Paramore,2013
1400,Happy,Pharrell Williams,2014
1401,Dark Horse,Katy Perry,2014
1402,All of Me,John Legend,2014
1403,Fancy,Iggy Azalea,2014
1404,Counting Stars,OneRepublic,2014
1405,Talk Dirty,Jason Derulo,2014
1406,Rude,Magic!,2014
1407,All About That Bass,Meghan Trainor,2014
1408,Problem,Ariana Grande,2014
1409,Stay with Me,Sam Smith,2014
1410,Timber,Pitbull,2014
1411,Pompeii,Bastille,2014
1412,Shake It Off,Taylor Swift,2014
1413,Am I Wrong,Nico & Vinz,2014
1414,Turn Down for What,DJ Snake and Lil Jon,2014
1415,The Monster,Eminem,2014
1416,Say Something,A Great Big World and Christina Aguilera,2014
1417,Team,Lorde,2014
1418,Let Her Go,Passenger,2014
1419,Royals,Lorde,2014
1420,Let It Go,Idina Menzel,2014
1421,Wake Me Up,Avicii,2014
1422,Demons,Imagine Dragons,2014
1423,Story of My Life,One Direction,2014
1424,Chandelier,Sia,2014
1425,Black Widow,Iggy Azalea,2014
1426,Bang Bang,"Jessie J, Ariana Grande and Nicki Minaj",2014
1427,Latch,Disclosure,2014
1428,Maps,Maroon 5,2014
1429,Loyal,Chris Brown,2014
1430,Best Day of My Life,American Authors,2014
1431,Habits (Stay High),Tove Lo,2014
1432,Summer,Calvin Harris,2014
1433,Boom Clap,Charli XCX,2014
1434,Drunk in Love,Beyoncé,2014
1435,Anaconda,Nicki Minaj,2014
1436,Break Free,Ariana Grande,2014
1437,Bailando,Enrique Iglesias,2014
1438,Burn,Ellie Goulding,2014
1439,Wiggle,Jason Derulo,2014
1440,Rather Be,Clean Bandit,2014
1441,Don't Tell 'Em,Jeremih,2014
1442,Show Me,Kid Ink,2014
1443,Wrecking Ball,Miley Cyrus,2014
1444,Not a Bad Thing,Justin Timberlake,2014
1445,Roar,Katy Perry,2014
1446,Ain't It Fun,Paramore,2014
1447,The Man,Aloe Blacc,2014
1448,This Is How We Roll,Florida Georgia Line,2014
1449,Classic,MKTO,2014
1450,A Sky Full of Stars,Coldplay,2014
1451,Don't,Ed Sheeran,2014
1452,Na Na,Trey Songz,2014
1453,Hot Boy,Bobby Shmurda,2014
1454,"Hold On, We're Going Home",Drake,2014
1455,Sing,Ed Sheeran,2014
1456,Radioactive,Imagine Dragons,2014
1457,My Hitta,YG,2014
1458,Cool Kids,Echosmith,2014
1459,Hey Brother,Avicii,2014
1460,Trumpets,Jason Derulo,2014
1461,Animals,Maroon 5,2014
1462,Burnin' It Down,Jason Aldean,2014
1463,Play It Again,Luke Bryan,2014
1464,2 On,Tinashe,2014
1465,Dirt,Florida Georgia Line,2014
1466,Love Runs Out,OneRepublic,2014
1467,Bottoms Up,Brantley Gilbert,2014
1468,Shower,Becky G,2014
1469,Me and My Broken Heart,Rixton,2014
1470,Animals,Martin Garrix,2014
1471,Lifestyle,Rich Gang,2014
1472,American Kids,Kenny Chesney,2014
1473,Brave,Sara Bareilles,2014
1474,Sweater Weather,The Neighbourhood,2014
1475,Leave the Night On,Sam Hunt,2014
1476,New Flame,Chris Brown,2014
1477,Love Never Felt So Good,Michael Jackson and Justin Timberlake,2014
1478,Drunk on a Plane,Dierks Bentley,2014
1479,Birthday,Katy Perry,2014
1480,Bartender,Lady Antebellum,2014
1481,La La La,Naughty Boy,2014
1482,Blurred Lines,Robin Thicke,2014
1483,Do What U Want,Lady Gaga,2014
1484,Can't Remember to Forget You,Shakira,2014
1485,Amnesia,5 Seconds of Summer,2014
1486,No Mediocre,T.I.,2014
1487,Come with Me Now,KONGOS,2014
1488,Believe Me,Lil Wayne,2014
1489,23,Mike WiLL Made-It,2014
1490,Beachin',Jake Owen,2014
1491,White Walls,Macklemore & Ryan Lewis,2014
1492,She Looks So Perfect,5 Seconds of Summer,2014
1493,Stay the Night,Zedd,2014
1494,Partition,Beyoncé,2014
1495,Studio,ScHoolboy Q,2014
1496,0 to 100 / The Catch Up,Drake,2014
1497,I Don't Dance,Lee Brice,2014
1498,Somethin' Bad,Miranda Lambert and Carrie Underwood,2014
1499,Adore You,Miley Cyrus,2014
1500,Uptown Funk,Mark Ronson,2015
1501,Thinking Out Loud,Ed Sheeran,2015
1502,See You Again,Wiz Khalifa,2015
1503,Trap Queen,Fetty Wap,2015
1504,Sugar,Maroon 5,2015
1505,Shut Up and Dance,Walk the Moon,2015
1506,Blank Space,Taylor Swift,2015
1507,Watch Me,Silentó,2015
1508,Earned It,The Weeknd,2015
1509,The Hills,The Weeknd,2015
1510,Cheerleader,OMI,2015
1511,Can't Feel My Face,The Weeknd,2015
1512,Love Me Like You Do,Ellie Goulding,2015
1513,Take Me to Church,Hozier,2015
1514,Bad Blood,Taylor Swift,2015
1515,Lean On,Major Lazer and DJ Snake,2015
1516,Want to Want Me,Jason Derulo,2015
1517,Shake It Off,Taylor Swift,2015
1518,Where Are Ü Now,Skrillex and Diplo,2015
1519,Fight Song,Rachel Platten,2015
1520,679,Fetty Wap,2015
1521,Lips Are Movin,Meghan Trainor,2015
1522,Worth It,Fifth Harmony,2015
1523,Post to Be,Omarion,2015
1524,"Honey, I'm Good.",Andy Grammer,2015
1525,I'm Not the Only One,Sam Smith,2015
1526,Good for You,Selena Gomez,2015
1527,All About That Bass,Meghan Trainor,2015
1528,Style,Taylor Swift,2015
1529,Hotline Bling,Drake,2015
1530,Hey Mama,David Guetta,2015
1531,G.D.F.R.,Flo Rida,2015
1532,What Do You Mean?,Justin Bieber,2015
1533,Photograph,Ed Sheeran,2015
1534,Hello,Adele,2015
1535,Stitches,Shawn Mendes,2015
1536,Talking Body,Tove Lo,2015
1537,Jealous,Nick Jonas,2015
1538,Time of Our Lives,Pitbull and Ne-Yo,2015
1539,Locked Away,R. City,2015
1540,Somebody,Natalie La Rose,2015
1541,FourFiveSeconds,"Rihanna, Kanye West and Paul McCartney",2015
1542,Centuries,Fall Out Boy,2015
1543,My Way,Fetty Wap,2015
1544,Take Your Time,Sam Hunt,2015
1545,Animals,Maroon 5,2015
1546,I Don't Fuck with You,Big Sean,2015
1547,Bitch Better Have My Money,Rihanna,2015
1548,"Flex (Ooh, Ooh, Ooh)",Rich Homie Quan,2015
1549,Nasty Freestyle,T-Wayne,2015
1550,Only,Nicki Minaj,2015
1551,Elastic Heart,Sia,2015
1552,Cool for the Summer,Demi Lovato,2015
1553,Renegades,X Ambassadors,2015
1554,I Don't Mind,Usher,2015
1555,Love Me Harder,Ariana Grande and The Weeknd,2015
1556,Wildest Dreams,Taylor Swift,2015
1557,Stay with Me,Sam Smith,2015
1558,You Know You Like It,DJ Snake and AlunaGeorge,2015
1559,Uma Thurman,Fall Out Boy,2015
1560,7/11,Beyoncé,2015
1561,The Heart Wants What It Wants,Selena Gomez,2015
1562,Girl Crush,Little Big Town,2015
1563,Slow Motion,Trey Songz,2015
1564,Drag Me Down,One Direction,2015
1565,Truffle Butter,Nicki Minaj,2015
1566,One Last Time,Ariana Grande,2015
1567,Chains,Nick Jonas,2015
1568,All Eyes on You,Meek Mill,2015
1569,No Type,Rae Sremmurd,2015
1570,Riptide,Vance Joy,2015
1571,Classic Man,Jidenna,2015
1572,Ex's & Oh's,Elle King,2015
1573,Dear Future Husband,Meghan Trainor,2015
1574,Marvin Gaye,Charlie Puth,2015
1575,Like I'm Gonna Lose You,Meghan Trainor,2015
1576,Habits (Stay High),Tove Lo,2015
1577,The Hanging Tree,James Newton Howard,2015
1578,CoCo,O.T. Genasis,2015
1579,Bang Bang,"Jessie J, Ariana Grande and Nicki Minaj",2015
1580,Lay Me Down,Sam Smith,2015
1581,Tuesday,ILoveMakonnen,2015
1582,Hit the Quan,iLoveMemphis,2015
1583,Downtown,Macklemore & Ryan Lewis,2015
1584,House Party,Sam Hunt,2015
1585,Ayo,Chris Brown and Tyga,2015
1586,Kick the Dust Up,Luke Bryan,2015
1587,Blessings,Big Sean,2015
1588,Budapest,George Ezra,2015
1589,Chandelier,Sia,2015
1590,Heartbeat Song,Kelly Clarkson,2015
1591,Don't,Ed Sheeran,2015
1592,Ghost,Ella Henderson,2015
1593,Here,Alessia Cara,2015
1594,Waves,Mr Probz,2015
1595,El Perdón,Nicky Jam and Enrique Iglesias,2015
1596,She Knows,Ne-Yo,2015
1597,Night Changes,One Direction,2015
1598,Back to Back,Drake,2015
1599,How Deep Is Your Love,Calvin Harris and Disciples,2015
1600,Love Yourself,Justin Bieber,2016
1601,Sorry,Justin Bieber,2016
1602,One Dance,Drake,2016
1603,Work,Rihanna,2016
1604,Stressed Out,Twenty One Pilots,2016
1605,Panda,Desiigner,2016
1606,Hello,Adele,2016
1607,Don't Let Me Down,The Chainsmokers,2016
1608,Can't Stop the Feeling!,Justin Timberlake,2016
1609,Closer,The Chainsmokers,2016
1610,Cheap Thrills,Sia,2016
1611,7 Years,Lukas Graham,2016
1612,Needed Me,Rihanna,2016
1613,My House,Flo Rida,2016
1614,I Took a Pill in Ibiza,Mike Posner,2016
1615,Work from Home,Fifth Harmony,2016
1616,This Is What You Came For,Calvin Harris,2016
1617,Cake by the Ocean,DNCE,2016
1618,"Me, Myself & I",G-Eazy and Bebe Rexha,2016
1619,Ride,Twenty One Pilots,2016
1620,Heathens,Twenty One Pilots,2016
1621,Pillowtalk,Zayn,2016
1622,Stitches,Shawn Mendes,2016
1623,Hotline Bling,Drake,2016
1624,Cold Water,Major Lazer,2016
1625,Send My Love (To Your New Lover),Adele,2016
1626,Roses,The Chainsmokers,2016
1627,Treat You Better,Shawn Mendes,2016
1628,Too Good,Drake,2016
1629,Low Life,Future,2016
1630,What Do You Mean?,Justin Bieber,2016
1631,The Hills,The Weeknd,2016
1632,Just Like Fire,Pink,2016
1633,Broccoli,DRAM,2016
1634,Don't,Bryson Tiller,2016
1635,Dangerous Woman,Ariana Grande,2016
1636,Jumpman,Drake and Future,2016
1637,"I Hate U, I Love U",Gnash,2016
1638,Here,Alessia Cara,2016
1639,Same Old Love,Selena Gomez,2016
1640,Controlla,Drake,2016
1641,Like I'm Gonna Lose You,Meghan Trainor,2016
1642,One Call Away,Charlie Puth,2016
1643,Let It Go,James Bay,2016
1644,No,Meghan Trainor,2016
1645,Never Forget You,Zara Larsson and MNEK,2016
1646,Let Me Love You,DJ Snake,2016
1647,Don't Mind,Kent Jones,2016
1648,H.O.L.Y.,Florida Georgia Line,2016
1649,We Don't Talk Anymore,Charlie Puth,2016
1650,Into You,Ariana Grande,2016
1651,Gold,Kiiara,2016
1652,Exchange,Bryson Tiller,2016
1653,679,Fetty Wap,2016
1654,Oui,Jeremih,2016
1655,Hands to Myself,Selena Gomez,2016
1656,2 Phones,Kevin Gates,2016
1657,Starboy,The Weeknd,2016
1658,For Free,DJ Khaled,2016
1659,Never Be Like You,Flume,2016
1660,In the Night,The Weeknd,2016
1661,Me Too,Meghan Trainor,2016
1662,Ex's & Oh's,Elle King,2016
1663,Die a Happy Man,Thomas Rhett,2016
1664,White Iverson,Post Malone,2016
1665,Close,Nick Jonas,2016
1666,Unsteady,X Ambassadors,2016
1667,Sucker for Pain,"Lil Wayne, Wiz Khalifa and Imagine Dragons with Logic and Ty Dolla $ign",2016
1668,Down in the DM,Yo Gotti,2016
1669,Luv,Tory Lanez,2016
1670,Sorry,Beyoncé,2016
1671,Can't Feel My Face,The Weeknd,2016
1672,Hymn for the Weekend,Coldplay,2016
1673,Say It,Tory Lanez,2016
1674,Antidote,Travis Scott,2016
1675,Lost Boy,Ruth B,2016
1676,Side to Side,Ariana Grande,2016
1677,"Sit Still, Look Pretty",Daya,2016
1678,Wildest Dreams,Taylor Swift,2016
1679,Middle,DJ Snake,2016
1680,On My Mind,Ellie Goulding,2016
1681,Pop Style,Drake,2016
1682,When We Were Young,Adele,2016
1683,Hide Away,Daya,2016
1684,Lean On,Major Lazer and DJ Snake,2016
1685,I Know What You Did Last Summer,Shawn Mendes and Camila Cabello,2016
1686,All the Way Up,"Fat Joe, Remy Ma and Jay-Z",2016
1687,Watch Me,Silentó,2016
1688,Back to Sleep,Chris Brown,2016
1689,No Limit,Usher,2016
1690,Cut It,O.T. Genasis,2016
1691,Really Really,Kevin Gates,2016
1692,All In My Head (Flex),Fifth Harmony,2016
1693,Starving,Hailee Steinfeld and Grey,2016
1694,Adventure of a Lifetime,Coldplay,2016
1695,Humble and Kind,Tim McGraw,2016
1696,Wicked,Future,2016
1697,Tiimmy Turner,Desiigner,2016
1698,See You Again,Wiz Khalifa,2016
1699,Perfect,One Direction,2016
1700,Shape of You,Ed Sheeran,2017
1701,Despacito (Remix),Luis Fonsi and Daddy Yankee,2017
1702,That's What I Like,Bruno Mars,2017
1703,Humble,Kendrick Lamar,2017
1704,Something Just Like This,The Chainsmokers and Coldplay,2017
1705,Bad and Boujee,Migos,2017
1706,Closer,The Chainsmokers,2017
1707,Body Like a Back Road,Sam Hunt,2017
1708,Believer,Imagine Dragons,2017
1709,Congratulations,Post Malone,2017
1710,Say You Won't Let Go,James Arthur,2017
1711,I'm the One,DJ Khaled,2017
1712,XO Tour Llif3,Lil Uzi Vert,2017
1713,Mask Off,Future,2017
1714,Unforgettable,French Montana,2017
1715,24K Magic,Bruno Mars,2017
1716,Stay,Zedd and Alessia Cara,2017
1717,Wild Thoughts,DJ Khaled,2017
1718,Black Beatles,Rae Sremmurd,2017
1719,Starboy,The Weeknd,2017
1720,Location,Khalid,2017
1721,Attention,Charlie Puth,2017
1722,There's Nothing Holdin' Me Back,Shawn Mendes,2017
1723,Bodak Yellow,Cardi B,2017
1724,Redbone,Childish Gambino,2017
1725,I Don't Wanna Live Forever,Zayn and Taylor Swift,2017
1726,It Ain't Me,Kygo and Selena Gomez,2017
1727,iSpy,Kyle,2017
1728,Issues,Julia Michaels,2017
1729,Scars to Your Beautiful,Alessia Cara,2017
1730,1-800-273-8255,Logic,2017
1731,Slow Hands,Niall Horan,2017
1732,Love on the Brain,Rihanna,2017
1733,I Feel It Coming,The Weeknd,2017
1734,Bounce Back,Big Sean,2017
1735,Strip That Down,Liam Payne,2017
1736,Fake Love,Drake,2017
1737,Don't Wanna Know,Maroon 5,2017
1738,Look What You Made Me Do,Taylor Swift,2017
1739,Castle on the Hill,Ed Sheeran,2017
1740,Bad Things,Machine Gun Kelly and Camila Cabello,2017
1741,Paris,The Chainsmokers,2017
1742,Side to Side,Ariana Grande,2017
1743,Rockabye,Clean Bandit,2017
1744,Feel It Still,Portugal. The Man,2017
1745,Let Me Love You,DJ Snake,2017
1746,Sorry Not Sorry,Demi Lovato,2017
1747,Bank Account,21 Savage,2017
1748,Can't Stop the Feeling!,Justin Timberlake,2017
1749,Mi Gente,J Balvin and Willy William,2017
1750,Thunder,Imagine Dragons,2017
1751,T-Shirt,Migos,2017
1752,Rake It Up,Yo Gotti,2017
1753,Mercy,Shawn Mendes,2017
1754,Tunnel Vision,Kodak Black,2017
1755,Rockstar,Post Malone,2017
1756,In Case You Didn't Know,Brett Young,2017
1757,Heathens,Twenty One Pilots,2017
1758,Now or Never,Halsey,2017
1759,Caroline,Aminé,2017
1760,Rolex,Ayo & Teo,2017
1761,DNA,Kendrick Lamar,2017
1762,Juju on That Beat (TZ Anthem),Zay Hilfigerrr & Zayion McCall,2017
1763,Swang,Rae Sremmurd,2017
1764,Passionfruit,Drake,2017
1765,Loyalty,Kendrick Lamar,2017
1766,Praying,Kesha,2017
1767,Goosebumps,Travis Scott,2017
1768,Cold,Maroon 5,2017
1769,Broccoli,DRAM,2017
1770,Slide,Calvin Harris,2017
1771,What Ifs,Kane Brown,2017
1772,Chained to the Rhythm,Katy Perry,2017
1773,Feels,Calvin Harris,2017
1774,All Time Low,Jon Bellion,2017
1775,Hurricane,Luke Combs,2017
1776,Too Good at Goodbyes,Sam Smith,2017
1777,Young Dumb & Broke,Khalid,2017
1778,Magnolia,Playboi Carti,2017
1779,Love Galore,SZA,2017
1780,Drowning,A Boogie wit da Hoodie,2017
1781,Starving,Hailee Steinfeld and Grey,2017
1782,Both,Gucci Mane,2017
1783,What About Us,Pink,2017
1784,Swalla,Jason Derulo,2017
1785,Slippery,Migos,2017
1786,Sign of the Times,Harry Styles,2017
1787,Water Under the Bridge,Adele,2017
1788,Malibu,Miley Cyrus,2017
1789,Down,Marian Hill,2017
1790,No Promises,Cheat Codes,2017
1791,Treat You Better,Shawn Mendes,2017
1792,I Get the Bag,Gucci Mane,2017
1793,Small Town Boy,Dustin Lynch,2017
1794,Everyday We Lit,YFN Lucci,2017
1795,Havana,Camila Cabello,2017
1796,What Lovers Do,Maroon 5,2017
1797,Do Re Mi,Blackbear,2017
1798,Look at Me!,XXXTentacion,2017
1799,The Fighter,Keith Urban,2017
1800,God's Plan,Drake,2018
1801,Perfect,Ed Sheeran,2018
1802,Meant to Be,Bebe Rexha,2018
1803,Havana,Camila Cabello,2018
1804,Rockstar,Post Malone,2018
1805,Psycho,Post Malone,2018
1806,I Like It,"Cardi B, Bad Bunny and J Balvin",2018
1807,The Middle,"Zedd, Maren Morris and Grey",2018
1808,In My Feelings,Drake,2018
1809,Girls Like You,Maroon 5,2018
1810,Nice for What,Drake,2018
1811,Lucid Dreams,Juice Wrld,2018
1812,Better Now,Post Malone,2018
1813,Finesse,Bruno Mars,2018
1814,Boo'd Up,Ella Mai,2018
1815,New Rules,Dua Lipa,2018
1816,Sad!,XXXTentacion,2018
1817,Never Be the Same,Camila Cabello,2018
1818,Love Lies,Khalid and Normani,2018
1819,No Tears Left to Cry,Ariana Grande,2018
1820,Mine,Bazzi,2018
1821,Thunder,Imagine Dragons,2018
1822,Look Alive,BlocBoy JB,2018
1823,Delicate,Taylor Swift,2018
1824,Yes Indeed,Lil Baby and Drake,2018
1825,Friends,Marshmello and Anne-Marie,2018
1826,Bad at Love,Halsey,2018
1827,Taste,Tyga,2018
1828,Let You Down,NF,2018
1829,No Limit,G-Eazy,2018
1830,Fefe,6ix9ine,2018
1831,Tequila,Dan + Shay,2018
1832,Feel It Still,Portugal. The Man,2018
1833,MotorSport,"Migos, Nicki Minaj and Cardi B",2018
1834,I Like Me Better,Lauv,2018
1835,Youngblood,5 Seconds of Summer,2018
1836,Whatever It Takes,Imagine Dragons,2018
1837,Ric Flair Drip,Offset and Metro Boomin,2018
1838,I Fall Apart,Post Malone,2018
1839,Pray for Me,The Weeknd and Kendrick Lamar,2018
1840,Back to You,Selena Gomez,2018
1841,Sicko Mode,Travis Scott,2018
1842,Walk It Talk It,Migos,2018
1843,Gucci Gang,Lil Pump,2018
1844,Him & I,G-Eazy and Halsey,2018
1845,In My Blood,Shawn Mendes,2018
1846,All the Stars,Kendrick Lamar and SZA,2018
1847,Stir Fry,Migos,2018
1848,Too Good at Goodbyes,Sam Smith,2018
1849,Love,Kendrick Lamar,2018
1850,This Is America,Childish Gambino,2018
1851,Nonstop,Drake,2018
1852,Heaven,Kane Brown,2018
1853,Bodak Yellow,Cardi B,2018
1854,Freaky Friday,Lil Dicky,2018
1855,Gummo,6ix9ine,2018
1856,Plug Walk,Rich the Kid,2018
1857,Wait,Maroon 5,2018
1858,Be Careful,Cardi B,2018
1859,Wolves,Selena Gomez and Marshmello,2018
1860,Bartier Cardi,Cardi B,2018
1861,God Is a Woman,Ariana Grande,2018
1862,Big Bank,YG,2018
1863,Sorry Not Sorry,Demi Lovato,2018
1864,How Long,Charlie Puth,2018
1865,Lights Down Low,Max,2018
1866,Young Dumb & Broke,Khalid,2018
1867,One Kiss,Calvin Harris and Dua Lipa,2018
1868,Natural,Imagine Dragons,2018
1869,You Make It Easy,Jason Aldean,2018
1870,Shape of You,Ed Sheeran,2018
1871,I Get the Bag,Gucci Mane,2018
1872,No Brainer,DJ Khaled,2018
1873,Plain Jane,ASAP Ferg,2018
1874,Sky Walker,Miguel,2018
1875,Marry Me,Thomas Rhett,2018
1876,Eastside,"Benny Blanco, Halsey and Khalid",2018
1877,Call Out My Name,The Weeknd,2018
1878,King's Dead,"Jay Rock, Kendrick Lamar, Future and James Blake",2018
1879,Happier,Marshmello and Bastille,2018
1880,Te Boté,"Nio García, Darell and Casper Mágico",2018
1881,Simple,Florida Georgia Line,2018
1882,Lemon,N.E.R.D and Rihanna,2018
1883,1-800-273-8255,Logic,2018
1884,Say Something,Justin Timberlake,2018
1885,I'm Upset,Drake,2018
1886,Get Along,Kenny Chesney,2018
1887,Moonlight,XXXTentacion,2018
1888,What Lovers Do,Maroon 5,2018
1889,X,Nicky Jam and J Balvin,2018
1890,Outside Today,YoungBoy Never Broke Again,2018
1891,Trip,Ella Mai,2018
1892,Dura,Daddy Yankee,2018
1893,Changes,XXXTentacion,2018
1894,Mercy,Brett Young,2018
1895,One Number Away,Luke Combs,2018
1896,Powerglide,Rae Sremmurd,2018
1897,IDGAF,Dua Lipa,2018
1898,Mi Gente,J Balvin and Willy William,2018
1899,Believer,Imagine Dragons,2018
